chain_id,token_address,base_symbol,quote_symbol,liquidity_usd,market_cap,fdv,dex_id,pair_url,profile_url,telegram,twitter,discord,website,other_links,description
solana,8ExMqkAWaDgqB5V4kS5s1yrLtwjoGQtRz6C2NuoZpump,KOG,SOL,43321.04,332296,332296,pumpswap,https://dexscreener.com/solana/4ywwhdjwzhhvaz33w1syeh6qvths7tpkzkdshsywzvz8,https://dexscreener.com/solana/8exmqkawadgqb5v4ks5s1yrltwjogqtrz6c2nuozpump,https://t.me/KoalasGoofsland,https://x.com/KoalasGoofsland,,https://koalas.icu,,"In the riches of Goofsland, a new species has emerged. A thousand hand-drawn koalas, created one by one. Each with its own core, energy, and spirit. A new chapter of Kasoia."
solana,DrQ3WUkyiCtkSKjsd7dXp8mCLPaczVo49wNQPAuipump,BIGEYES,SOL,33070.7,205514,205514,pumpswap,https://dexscreener.com/solana/g4pvrnqgx4jckkmiv8jczcf1htqm3uqozhjwuha2h6su,https://dexscreener.com/solana/drq3wukyictkskjsd7dxp8mclpaczvo49wnqpauipump,https://t.me/m0chicat,https://x.com/m0chimeow,,https://mochimeow.top/,,"BigEyes is a tiny watercolor tabby with huge, unforgettable eyes and a calm, mysterious presence. BigEyes is the kind of character who does not need to shout to be remembered."
solana,7U74V3oJy4U2V2YmwJEQ1UcoZ5woTXGBvpKKXE4jpump,DUMPSTR,SOL,29988.07,181048,181048,pumpswap,https://dexscreener.com/solana/ehvhezg15sztmpcbb2azmtvsfh1huh8ybprj5zetehbi,https://dexscreener.com/solana/7u74v3ojy4u2v2ymwjeq1ucoz5wotxgbvpkkxe4jpump,,https://x.com/DumpStrategy,,https://www.dumpstrategy.wtf/,,Dump Strategy causing Bitcoin hard dumps! 📉
solana,J1CGp9QmaCZhXSCAs7LfBkNZJ1NEeUHFrzjb1ob8pump,AYAI,SOL,27860.45,158074,158074,pumpswap,https://dexscreener.com/solana/8w1trbuppi6aptyrzhfsddlqz15jwng32xmpzyfe25ca,https://dexscreener.com/solana/j1cgp9qmaczhxscas7lfbknzj1neeuhfrzjb1ob8pump,https://t.me/ayai_sol,https://x.com/ayai_sol,,https://ayyaiyai.live,,"Every cycle has winners.

Every cycle has losers.

And then there's the rest of us...

Watching Solana, Bitcoin, and every altcoin fall while whispering:

""Ay Yai Yai..."" (Elon Musk just said)

$AYAI token celebrates the emotional rollercoaster of crypto.

When the candles go red... Ay Yai Yai."
solana,GSNxGV7KU8tdo3XuqetucVCoZKHPpqAy9stt9iv5pump,CVIG,SOL,27717.0,152588,152588,pumpswap,https://dexscreener.com/solana/pkpntymjwtmr8krq88ga4rg1gaxj2szwc2biem3wrxu,https://dexscreener.com/solana/gsnxgv7ku8tdo3xuqetucvcozkhppqay9stt9iv5pump,https://t.me/cvigsol,https://x.com/cvigsol,,http://www.cvigsol.site,,Justice isn't always found in a courtroom.
solana,44eFuquSFU8aC6Nn3LWmNapFn8f5WzwxrYEnJXjspump,GROYPER,USDC,25737.89,65462,65462,pumpswap,https://dexscreener.com/solana/8kwx4gscs8p32gw4u9ww2fs3evpnvqaf7qxgxjp2xoer,https://dexscreener.com/solana/44efuqusfu8ac6nn3lwmnapfn8f5wzwxryenjxjspump,,https://x.com/GroyperPump,,,,"🐸 

2.5% Supply set aside for Nick Fuentes (leader)
2.5% Supply set aside for That_Groyper (artist)

Groyper."
solana,6CGEykSSSGuT9pKvsWXRqMnVFsJsKMP1pwADnR9mpump,YUNO,SOL,21491.29,90998,90998,pumpswap,https://dexscreener.com/solana/ahsv77ggwh4c22crg9v9d6naaz8hasatbaznmybrxfqe,https://dexscreener.com/solana/6cgeyksssgut9pkvswxrqmnvfsjskmp1pwadnr9mpump,https://t.me/YunoSolanaa,https://x.com/Yunosolan,,https://yunomeme.online/,,Y U NO is a celebration of the most recognizable meme format in online history.
solana,EnPRwvRUSPqBcDkqypVKzFZiAY1LpYdZPAWhyazNpump,RTM,SOL,10250.74,22313,22313,pumpswap,https://dexscreener.com/solana/h7vygvokd1crkqpn6meq7urmamvb4ayue2gaeygytagg,https://dexscreener.com/solana/enprwvruspqbcdkqypvkzfziay1lpydzpawhyaznpump,,https://x.com/ReturntoMemesCT,,,,"Return to tradition. Return to memes. 50% sent out to top FOMO wallets who will help 
@blknoiz06
 promise come true"
